chr	start	stop	centre
chr17	79335816	79337139	79336477.5
chrX	98722665	98723102	98722883.5
chr9	25288813	25289560	25289186.5
chr17	35095716	35097159	35096437.5
chr16	75343484	75344347	75343915.5
chrX	14942269	14942694	14942481.5
chr7	135441112	135441981	135441546.5
chr6	39674088	39675896	39674992.0
chr13	24922524	24924736	24923630.0
chr9	95854501	95856032	95855266.5
chr3	107081555	107082443	107081999.0
chr17	71350559	71352494	71351526.5
chr8	28152601	28154004	28153302.5
chr16	3743064	3744988	3744026.0
chr9	59598023	59600028	59599025.5
chr8	96642950	96643471	96643210.5
chr9	56842438	56843708	56843073.0
chr15	25913474	25916015	25914744.5
chr9	88494126	88494736	88494431.0
chr11	106116689	106118019	106117354.0
chr17	33102149	33103468	33102808.5
chr11	51569243	51570480	51569861.5
chr1	155746497	155749290	155747893.5
chr15	83341050	83341768	83341409.0
chr4	138935429	138937409	138936419.0
chr14	9004902	9006501	9005701.5
chr2	28695105	28696526	28695815.5
chr17	24754486	24755278	24754882.0
chr16	32246323	32247774	32247048.5
chr6	72294301	72295978	72295139.5
chr2	26244098	26245292	26244695.0
chr3	87733233	87734922	87734077.5
chr9	113839477	113842297	113840887.0
chr2	21885364	21886117	21885740.5
chrX	72329432	72330568	72330000.0
chr11	86070477	86071489	86070983.0
chr6	125376318	125376874	125376596.0
chr3	67177728	67178248	67177988.0
chr2	180435693	180437970	180436831.5
chr9	21314002	21315436	21314719.0
chr11	29146703	29147796	29147249.5
chr3	30754423	30755261	30754842.0
chr13	41453909	41454775	41454342.0
chr7	16911386	16912034	16911710.0
chr3	94641022	94642409	94641715.5
chr17	17371170	17372524	17371847.0
chr7	52844421	52844992	52844706.5
chr1	88383408	88384949	88384178.5
chr16	31947568	31949203	31948385.5
chr19	7043924	7044712	7044318.0
chr16	20498427	20499512	20498969.5
chr3	102905763	102907579	102906671.0
chr10	30337508	30338738	30338123.0
chr14	123381633	123383245	123382439.0
chr1	184270687	184272096	184271391.5
chr15	75771229	75771802	75771515.5
chr16	17069971	17070531	17070251.0
chrX	160819606	160820555	160820080.5
chr11	97276519	97277362	97276940.5
chr10	79229137	79230622	79229879.5
chr14	52863666	52864747	52864206.5
chr15	98904691	98905886	98905288.5
chr2	162842511	162843651	162843081.0
chrX	91430479	91430972	91430725.5
chr3	127597823	127599861	127598842.0
chr11	20148815	20149996	20149405.5
chr14	87540095	87541613	87540854.0
chr11	55282027	55284039	55283033.0
chr1	133078099	133078623	133078361.0
chr7	4087907	4089646	4088776.5
chr5	38610953	38612556	38611754.5
chr15	100587798	100588340	100588069.0
chr3	133206071	133208279	133207175.0
chr8	63702511	63703194	63702852.5
chr9	121186131	121187289	121186710.0
chr6	47928826	47929461	47929143.5
chr2	91803091	91804240	91803665.5
chr1	193788028	193788601	193788314.5
chr5	115808873	115809266	115809069.5
chr8	86760533	86761874	86761203.5
chr16	18066077	18067088	18066582.5
chr3	94385775	94386975	94386375.0
chr11	17111075	17112464	17111769.5
chr12	99972466	99973081	99972773.5
chr14	120876339	120878732	120877535.5
chr7	31384892	31385420	31385156.0
chr2	28496022	28497568	28496795.0
chr4	116179391	116180865	116180128.0
chr17	27340109	27341789	27340949.0
chrX	34707049	34707479	34707264.0
chr9	70580900	70581402	70581151.0
chr11	50235384	50235786	50235585.0
chr14	27398312	27399843	27399077.5
chr6	120306614	120307963	120307288.5
chr7	107006950	107007968	107007459.0
chr4	115457294	115458022	115457658.0
chr2	151854890	151855434	151855162.0
chr4	34634029	34635034	34634531.5
chr19	5424080	5425798	5424939.0
chr11	115873572	115874344	115873958.0
chr7	30768299	30769427	30768863.0
chr5	122286101	122287751	122286926.0
chr14	70977053	70978491	70977772.0
chr19	10762818	10763925	10763371.5
chr14	37781255	37782489	37781872.0
chr11	57457807	57459363	57458585.0
chr19	9003497	9004749	9004123.0
chr13	74074232	74075976	74075104.0
chr10	84564607	84566269	84565438.0
chr13	67208376	67210252	67209314.0
chr7	73806351	73806935	73806643.0
chr7	107375389	107377070	107376229.5
chrX	70473145	70474599	70473872.0
chr14	58282890	58284637	58283763.5
chr13	120216962	120219490	120218226.0
chr8	74684337	74685786	74685061.5
chr2	156545766	156547339	156546552.5
chr18	67870542	67871137	67870839.5
chr19	9072012	9072528	9072270.0
chr7	107731147	107731713	107731430.0
chr7	133415663	133416457	133416060.0
chr4	147242033	147243525	147242779.0
chr13	111070175	111070731	111070453.0
chr2	90314878	90315507	90315192.5
chr2	173562554	173563910	173563232.0
chr13	85265960	85267322	85266641.0
chr11	52044984	52046029	52045506.5
chr10	120912465	120914135	120913300.0
chr19	46383362	46383934	46383648.0
chr19	20676133	20676701	20676417.0
chr2	102669381	102669728	102669554.5
chr12	103995489	103996788	103996138.5
chr11	120166200	120166900	120166550.0
chr4	147533619	147535009	147534314.0
chr15	76307284	76308743	76308013.5
chr3	68929567	68931703	68930635.0
chr2	115406776	115408068	115407422.0
chr8	47084610	47085885	47085247.5
chr14	31813991	31815436	31814713.5
chr16	38522126	38523367	38522746.5
chr12	8214633	8215447	8215040.0
chr3	30867019	30868906	30867962.5
chr3	104504847	104505267	104505057.0
chr4	48168640	48169164	48168902.0
chr1	163231329	163232083	163231706.0
chr11	117219493	117219967	117219730.0
chr12	4775375	4776430	4775902.5
chr2	180007220	180008926	180008073.0
chr13	55463269	55464694	55463981.5
chr6	119797574	119798864	119798219.0
chr2	90744303	90745466	90744884.5
chr1	124253529	124254010	124253769.5
chr2	165318412	165319081	165318746.5
chr6	82771649	82772321	82771985.0
chr5	45911001	45912241	45911621.0
chr1	174294686	174295375	174295030.5
chr10	59464898	59466402	59465650.0
chr9	106072781	106074349	106073565.0
chr3	135065113	135065719	135065416.0
chr16	44357921	44358488	44358204.5
chr18	35113247	35114943	35114095.0
chr4	137805912	137806535	137806223.5
chr7	134338941	134340036	134339488.5
chr5	147062140	147062721	147062430.5
chr19	43645461	43645905	43645683.0
chr10	110735183	110736235	110735709.0
chrX	71210640	71213639	71212139.5
chr4	3894635	3895120	3894877.5
chr17	34986619	34988014	34987316.5
chr11	5737264	5738399	5737831.5
chr15	76455835	76456924	76456379.5
chr5	147042225	147043738	147042981.5
chr2	56966600	56968076	56967338.0
chrX	70960732	70962794	70961763.0
chr2	25315982	25317001	25316491.5
chr5	121834766	121836149	121835457.5
chr5	136674108	136675357	136674732.5
chr19	8815521	8816999	8816260.0
chr19	4257291	4258029	4257660.0
chr7	71041321	71042493	71041907.0
chr4	117586786	117588210	117587498.0
chr13	43654824	43656211	43655517.5
chr16	33184824	33186210	33185517.0
chr17	32280025	32280539	32280282.0
chr11	57614290	57615872	57615081.0
chr8	73293162	73293725	73293443.5
chr2	91489231	91490879	91490055.0
chr6	83744288	83745682	83744985.0
chr1	36309655	36310161	36309908.0
chr12	31268871	31270069	31269470.0
chr18	53903170	53905290	53904230.0
chr11	48603706	48604130	48603918.0
chr18	36507848	36509187	36508517.5
chr2	6365601	6366109	6365855.0
chr2	163820329	163821737	163821033.0
chr9	85641880	85644163	85643021.5
chr6	38941769	38942434	38942101.5
chr2	32582812	32583337	32583074.5
chr9	64879720	64881025	64880372.5
chr8	107094730	107095367	107095048.5
chr3	100725353	100726820	100726086.5
chr11	78311007	78311677	78311342.0
chr8	109816492	109818579	109817535.5
chr11	101162992	101164041	101163516.5
chr2	168054502	168057031	168055766.5
chr3	120993920	120995687	120994803.5
chr3	129762659	129764145	129763402.0
chr6	146803672	146804110	146803891.0
chr7	75215453	75215947	75215700.0
chr17	45800058	45800608	45800333.0
chr14	70558879	70559601	70559240.0
chr3	157196589	157198498	157197543.5
chr13	70775804	70777417	70776610.5
chr7	106631220	106632654	106631937.0
chr7	91827672	91828265	91827968.5
chr1	167564196	167565122	167564659.0
chr9	123275496	123276782	123276139.0
chr16	17921351	17922920	17922135.5
chr4	107595396	107596640	107596018.0
chr3	101180564	101181269	101180916.5
chrX	57656045	57658494	57657269.5
chr4	44024978	44026401	44025689.5
chrX	34684973	34685356	34685164.5
chr9	100999715	101000316	101000015.5
chr7	108256510	108257617	108257063.5
chr3	10342379	10343028	10342703.5
chr7	109118164	109119356	109118760.0
chr2	37285911	37287388	37286649.5
chr5	135114244	135115884	135115064.0
chr14	103531160	103531833	103531496.5
chr12	85625588	85626908	85626248.0
chr19	24339489	24339855	24339672.0
chr19	61215923	61217223	61216573.0
chr12	76769807	76771700	76770753.5
chr2	167317438	167319193	167318315.5
chr14	118535623	118537219	118536421.0
chr11	3794888	3795413	3795150.5
chr9	64188058	64189285	64188671.5
chr17	26250035	26250891	26250463.0
chr11	103934050	103934516	103934283.0
chr12	29334100	29334993	29334546.5
chr14	103450540	103451073	103450806.5
chr3	54915702	54916831	54916266.5
chr4	126644852	126645943	126645397.5
chr1	7078001	7079734	7078867.5
chr6	128429659	128430264	128429961.5
chr9	103266185	103268700	103267442.5
chr6	113646146	113648167	113647156.5
chr8	125777493	125779432	125778462.5
chr13	104563519	104565144	104564331.5
chr7	138703239	138704607	138703923.0
chr13	55694024	55695119	55694571.5
chr12	71925494	71927321	71926407.5
chr8	3278871	3280013	3279442.0
chr15	101895992	101896567	101896279.5
chr19	61301490	61303762	61302626.0
chr4	144783783	144785392	144784587.5
chr2	154428449	154430373	154429411.0
chr15	10399389	10400718	10400053.5
chr19	41875894	41876995	41876444.5
chr18	66617546	66618820	66618183.0
chr8	109579873	109581550	109580711.5
chr15	78603700	78604204	78603952.0
chr1	165924193	165925845	165925019.0
chrX	101543452	101543938	101543695.0
chr17	66299842	66301022	66300432.0
chr15	100444969	100447295	100446132.0
chr7	3616399	3617744	3617071.5
chr2	151930390	151932358	151931374.0
chr13	101602177	101603890	101603033.5
chrX	71613215	71614338	71613776.5
chr7	104601274	104602499	104601886.5
chr12	70992996	70994665	70993830.5
chr7	88137598	88139220	88138409.0
chr14	32063338	32065573	32064455.5
chr14	62950411	62951721	62951066.0
chr2	119500105	119501579	119500842.0
chr1	136851870	136852951	136852410.5
chr1	177555015	177556580	177555797.5
chr17	37029261	37029676	37029468.5
chr9	44575019	44576212	44575615.5
chr9	95411264	95413123	95412193.5
chr15	99081544	99083536	99082540.0
chr8	107057787	107059458	107058622.5
chr17	41070871	41072192	41071531.5
chr11	49715136	49715509	49715322.5
chr5	31223444	31224631	31224037.5
chr18	34936167	34937907	34937037.0
chr11	120766658	120767237	120766947.5
chr13	18035247	18036437	18035842.0
chr15	83997923	83998507	83998215.0
chr8	113836359	113837166	113836762.5
chr9	70350748	70351931	70351339.5
chr11	116447927	116448657	116448292.0
chr19	5510115	5511132	5510623.5
chr8	73956794	73957248	73957021.0
chr4	28739841	28740460	28740150.5
chr14	102038917	102040209	102039563.0
chr2	59962448	59963951	59963199.5
chr14	79825791	79827027	79826409.0
chr7	26443467	26444642	26444054.5
chr9	18277761	18278580	18278170.5
chr8	83211919	83212640	83212279.5
chr4	41411243	41412639	41411941.0
chr3	151901655	151902284	151901969.5
chr8	23158527	23158949	23158738.0
chr7	29123017	29124650	29123833.5
chr15	76364322	76364846	76364584.0
chr9	108709842	108711225	108710533.5
chr11	104302690	104304777	104303733.5
chr5	92566289	92567807	92567048.0
chr11	62269983	62271517	62270750.0
chr2	158619932	158621162	158620547.0
chr11	72832058	72832914	72832486.0
chrY	2864695	2865229	2864962.0
chr4	97417513	97419088	97418300.5
chr17	68090494	68091097	68090795.5
chr2	31987982	31988664	31988323.0
chr3	85690934	85691996	85691465.0
chr18	73974354	73976554	73975454.0
chr19	10315008	10315507	10315257.5
chr5	134826521	134827022	134826771.5
chr1	192886197	192887524	192886860.5
chr1	134942474	134943002	134942738.0
chr1	136638516	136639169	136638842.5
chr13	74944581	74946451	74945516.0
chr1	55420056	55420858	55420457.0
chr5	118426401	118427271	118426836.0
chr15	78682139	78682660	78682399.5
chr15	101903671	101905254	101904462.5
chr7	134387435	134388620	134388027.5
chr19	5456776	5457835	5457305.5
chr5	121994811	121996417	121995614.0
chr4	10933529	10935625	10934577.0
chr9	50411314	50412819	50412066.5
chr8	113579492	113581221	113580356.5
chr16	58727586	58728918	58728252.0
chr19	12669927	12670700	12670313.5
chr8	107088721	107089210	107088965.5
chr5	44172646	44174072	44173359.0
chr10	116603802	116604396	116604099.0
chr17	6106216	6107748	6106982.0
chr8	122702807	122703407	122703107.0
chr14	32898219	32899854	32899036.5
chr5	137591645	137592831	137592238.0
chr19	55389859	55391370	55390614.5
chr18	69752653	69753551	69753102.0
chr7	135882603	135884566	135883584.5
chr1	89586178	89586910	89586544.0
chr18	53335402	53336900	53336151.0
chr8	126448628	126449040	126448834.0
chr19	26678979	26682393	26680686.0
chrX	12784987	12785700	12785343.5
chr6	71773009	71774088	71773548.5
chr5	121901592	121903084	121902338.0
chr10	41529020	41530823	41529921.5
chr17	65961600	65963972	65962786.0
chr5	24346680	24349244	24347962.0
chr5	137951256	137952341	137951798.5
chr4	83170480	83172080	83171280.0
chr17	34254827	34257615	34256221.0
chrX	132287341	132287716	132287528.5
chr10	128001812	128003908	128002860.0
chr13	97960288	97960771	97960529.5
chr5	93634137	93636230	93635183.5
chr4	45309754	45310297	45310025.5
chr9	44214763	44216196	44215479.5
chr2	155521827	155522364	155522095.5
chr12	68160200	68160722	68160461.0
chr2	92885316	92886539	92885927.5
chr4	24423067	24424478	24423772.5
chr16	4789385	4790643	4790014.0
chr6	8295287	8295992	8295639.5
chr2	112124312	112125120	112124716.0
chr15	36657289	36658037	36657663.0
chr7	30968822	30969486	30969154.0
chr7	139926783	139927308	139927045.5
chr8	73894657	73896031	73895344.0
chr15	54943477	54944600	54944038.5
chr9	63907912	63908468	63908190.0
chr5	92546898	92547276	92547087.0
chr8	72695983	72696659	72696321.0
chr16	21946753	21948035	21947394.0
chr15	79187790	79188482	79188136.0
chrX	133275379	133276916	133276147.5
chr17	85489138	85490642	85489890.0
chr3	86027422	86029809	86028615.5
chr2	127412472	127413674	127413073.0
chrX	160465677	160466311	160465994.0
chr8	86176039	86177430	86176734.5
chr9	21396654	21398280	21397467.0
chr2	170336402	170337775	170337088.5
chr9	65732347	65733255	65732801.0
chr2	37307148	37308599	37307873.5
chr14	45970307	45971583	45970945.0
chr9	20988291	20988901	20988596.0
chr7	29062435	29063221	29062828.0
chr4	34561646	34563053	34562349.5
chr2	139995564	139997295	139996429.5
chr2	91104714	91106061	91105387.5
chr17	66449953	66451636	66450794.5
chr11	80592840	80593956	80593398.0
chr7	87832736	87834310	87833523.0
chr8	18845517	18847298	18846407.5
chr17	95148598	95150085	95149341.5
chr10	41238200	41240187	41239193.5
chr11	98261283	98261990	98261636.5
chr17	45700507	45701269	45700888.0
chr15	57906959	57908954	57907956.5
chr13	101261847	101262858	101262352.5
chr15	75671687	75672910	75672298.5
chr6	85536835	85538615	85537725.0
chrX	35826399	35827521	35826960.0
chr10	81510556	81511341	81510948.5
chr6	72357067	72357681	72357374.0
chr2	27395131	27396303	27395717.0
chr10	79792104	79793349	79792726.5
chr11	86357464	86359091	86358277.5
chr2	69484910	69485633	69485271.5
chrX	99384084	99385229	99384656.5
chr11	48613055	48614470	48613762.5
chr1	72272256	72273703	72272979.5
chr10	118675740	118678146	118676943.0
chr3	96205494	96206511	96206002.5
chr18	36488134	36488740	36488437.0
chr9	44142184	44146321	44144252.5
chr3	58252114	58252607	58252360.5
chr11	116713311	116715577	116714444.0
chr4	8573984	8575352	8574668.0
chr17	79315486	79316516	79316001.0
chr11	99247132	99247671	99247401.5
chr10	127586472	127587199	127586835.5
chr16	46010273	46010858	46010565.5
chr7	53069075	53070334	53069704.5
chr1	172996746	172997158	172996952.0
chr4	155176801	155178326	155177563.5
chr8	73117765	73118961	73118363.0
chr11	104890169	104890813	104890491.0
chr10	43260068	43261171	43260619.5
chr15	87798270	87798639	87798454.5
chr17	5189349	5190738	5190043.5
chr12	79326595	79328887	79327741.0
chr7	135561021	135562215	135561618.0
chr19	25035756	25036619	25036187.5
chrX	73120313	73120709	73120511.0
chr18	39152439	39152970	39152704.5
chr18	62112243	62112762	62112502.5
chr2	74663577	74664633	74664105.0
chr3	108393724	108395178	108394451.0
chr9	114597308	114598897	114598102.5
chr5	36872749	36873535	36873142.0
chrX	20487184	20487631	20487407.5
chr16	32638456	32638981	32638718.5
chr12	104663278	104664649	104663963.5
chrX	71637825	71639240	71638532.5
chr2	84876790	84878163	84877476.5
chr11	114536541	114537032	114536786.5
chr14	55045096	55046189	55045642.5
chr18	36919374	36920561	36919967.5
chr12	103150546	103151901	103151223.5
chr10	82085344	82086413	82085878.5
chr10	36693690	36695341	36694515.5
chr6	86633772	86634837	86634304.5
chr5	142920643	142921184	142920913.5
chr8	47248147	47249536	47248841.5
chr3	90317768	90319664	90318716.0
chr4	141430213	141431589	141430901.0
chr2	139891500	139893198	139892349.0
chr4	102886822	102888252	102887537.0
chr7	87515416	87516454	87515935.0
chr2	31007451	31008238	31007844.5
chr4	151369838	151371281	151370559.5
chr11	48629761	48631454	48630607.5
chr11	102295713	102296118	102295915.5
chr18	11429783	11430387	11430085.0
chr19	24248362	24249055	24248708.5
chr6	113480904	113482031	113481467.5
chr6	92133129	92134639	92133884.0
chr6	13557234	13558539	13557886.5
chr1	63222372	63224385	63223378.5
chr2	121282396	121283570	121282983.0
chr16	38562313	38563589	38562951.0
chr11	82594341	82595402	82594871.5
chr10	42940709	42942019	42941364.0
chr8	113369699	113371785	113370742.0
chr14	70998762	71000161	70999461.5
chr15	102500732	102501938	102501335.0
chr15	97975444	97976575	97976009.5
chr9	123413389	123413901	123413645.0
chr3	7502908	7503959	7503433.5
chr12	112082623	112084370	112083496.5
chr5	130697630	130699013	130698321.5
chr11	95120311	95121009	95120660.0
chr13	91946609	91948148	91947378.5
chr7	13482816	13483549	13483182.5
chr1	59176357	59177570	59176963.5
chr17	25320938	25322113	25321525.5
chr13	13981590	13982240	13981915.0
chr15	35300470	35302265	35301367.5
chr8	72826020	72827182	72826601.0
chrX	7150760	7152454	7151607.0
chr13	19710471	19711954	19711212.5
chr15	25551693	25552819	25552256.0
chr13	95054569	95055902	95055235.5
chr1	141173209	141174098	141173653.5
chr11	102079969	102080571	102080270.0
chr4	142801814	142803049	142802431.5
chr15	63828458	63830321	63829389.5
chr11	50243940	50245212	50244576.0
chrX	97675651	97676084	97675867.5
chr11	115396698	115398032	115397365.0
chr11	97642895	97644237	97643566.0
chr17	28621857	28623580	28622718.5
chr4	124370226	124371297	124370761.5
chr1	87632179	87632750	87632464.5
chr11	52209531	52210549	52210040.0
chr2	21126633	21127840	21127236.5
chr5	34278344	34279622	34278983.0
chr2	118798405	118798876	118798640.5
chr2	30997060	30998109	30997584.5
chr2	39228493	39229072	39228782.5
chr1	182952348	182952756	182952552.0
chr8	4324370	4325880	4325125.0
chr3	95685676	95687211	95686443.5
chr7	39055818	39056815	39056316.5
chr13	110566030	110567058	110566544.0
chr1	173217330	173218593	173217961.5
chr1	175269592	175270137	175269864.5
chr9	106062058	106062749	106062403.5
chr4	11082483	11084275	11083379.0
chr1	186648307	186648882	186648594.5
chr11	3351374	3352893	3352133.5
chrX	45997324	45997667	45997495.5
chr17	63086721	63087147	63086934.0
chr8	28284446	28285940	28285193.0
chrX	98527408	98528872	98528140.0
chr3	62310286	62311474	62310880.0
chr11	20354909	20355609	20355259.0
chr7	50567974	50569005	50568489.5
chr1	52783447	52784492	52783969.5
chr14	48037309	48038323	48037816.0
chr5	138627877	138629611	138628744.0
chr7	67637200	67637628	67637414.0
chr1	64578264	64581088	64579676.0
chr17	56218100	56219589	56218844.5
chr9	110183573	110184045	110183809.0
chrX	91870483	91870837	91870660.0
chr13	41700514	41702150	41701332.0
chr1	95721051	95722614	95721832.5
chr5	110535991	110537750	110536870.5
chr11	120588301	120588920	120588610.5
chr19	41556494	41558262	41557378.0
chr8	87180503	87181177	87180840.0
chr6	30459121	30460326	30459723.5
chr4	44768706	44770273	44769489.5
chr15	88721323	88721982	88721652.5
chr2	3630282	3631172	3630727.0
chr3	116364334	116366332	116365333.0
chr6	115634742	115635388	115635065.0
chr14	63370159	63370735	63370447.0
chr11	106905562	106906112	106905837.0
chr11	40567891	40569521	40568706.0
chrX	132602397	132602967	132602682.0
chr17	44242420	44243104	44242762.0
chr14	21612675	21613949	21613312.0
chr2	130109482	130110715	130110098.5
chr11	54335610	54337115	54336362.5
chr17	87664511	87665734	87665122.5
chr7	36181410	36182468	36181939.0
chr19	47211390	47212119	47211754.5
chr6	4550566	4551734	4551150.0
chr5	36826091	36827644	36826867.5
chrX	7722091	7723483	7722787.0
chr7	56501044	56501859	56501451.5
chr4	118992748	118993531	118993139.5
chr11	94840162	94840694	94840428.0
chr1	174056291	174057759	174057025.0
chr1	63227451	63228116	63227783.5
chrX	45587609	45588020	45587814.5
chr13	91604571	91605045	91604808.0
chr15	81575404	81576067	81575735.5
chr3	101727801	101728608	101728204.5
chr2	4514328	4514897	4514612.5
chr16	95923287	95924935	95924111.0
chr2	14976038	14977866	14976952.0
chr5	92934092	92935096	92934594.0
chr3	88968375	88969715	88969045.0
chr2	134468904	134470365	134469634.5
chr12	80396408	80397784	80397096.0
chr18	37803292	37804336	37803814.0
chr14	28241567	28243190	28242378.5
chr16	9132152	9132589	9132370.5
chr13	54787580	54790172	54788876.0
chr11	120684859	120686299	120685579.0
chr4	119405872	119406760	119406316.0
chr11	120171998	120172612	120172305.0
chr13	74345575	74346738	74346156.5
chr1	95650375	95652202	95651288.5
chr13	107736550	107737756	107737153.0
chr11	102785733	102787075	102786404.0
chr16	5233323	5234460	5233891.5
chr18	13131214	13133278	13132246.0
chr6	72498962	72499678	72499320.0
chr4	19496570	19497616	19497093.0
chr2	32217994	32219155	32218574.5
chr5	135643883	135645109	135644496.0
chr1	58448896	58451028	58449962.0
chr4	59593596	59595091	59594343.5
chr15	98507648	98508199	98507923.5
chr16	30550152	30550941	30550546.5
chr11	93856208	93858330	93857269.0
chr8	109554495	109556005	109555250.0
chr6	92040783	92042783	92041783.0
chr6	28085634	28086290	28085962.0
chr15	83294025	83295646	83294835.5
chrX	92110624	92111601	92111112.5
chrX	34666509	34667559	34667034.0
chr15	79571815	79573424	79572619.5
chr11	114529267	114531259	114530263.0
chr3	95392190	95393204	95392697.0
chr18	38113959	38115434	38114696.5
chr8	4237911	4239908	4238909.5
chr3	27051486	27053258	27052372.0
chr10	122512630	122514061	122513345.5
chr17	71900885	71902027	71901456.0
chr16	50528888	50529442	50529165.0
chr7	29652474	29653079	29652776.5
chr1	16677952	16679120	16678536.0
chr8	126472369	126474559	126473464.0
chrX	98727569	98728664	98728116.5
chr7	71536314	71538102	71537208.0
chr16	13256135	13257152	13256643.5
chr5	130416912	130418903	130417907.5
chr7	137977716	137978298	137978007.0
chr7	104844735	104845877	104845306.0
chr11	102558733	102559452	102559092.5
chr6	113640396	113641497	113640946.5
chr8	80041126	80042454	80041790.0
chr7	134071910	134072951	134072430.5
chr5	129525190	129527735	129526462.5
chr5	20691768	20692471	20692119.5
chr14	115416859	115417427	115417143.0
chrX	136941093	136941511	136941302.0
chr11	105937647	105938007	105937827.0
chr9	24549415	24549780	24549597.5
chr11	57331522	57332548	57332035.0
chr1	145549017	145550578	145549797.5
chr13	63065784	63066638	63066211.0
chr2	5765434	5766808	5766121.0
chr16	8643901	8644359	8644130.0
chr7	149256742	149257387	149257064.5
chr6	57484923	57486147	57485535.0
chr5	115017026	115017597	115017311.5
chr9	113616568	113617761	113617164.5
chr2	130664886	130666363	130665624.5
chr5	148671634	148673495	148672564.5
chrX	34347539	34348477	34348008.0
chr4	45354576	45356012	45355294.0
chr9	62827721	62829232	62828476.5
chr7	13562737	13564473	13563605.0
chr3	107076746	107077199	107076972.5
chr4	139129973	139130992	139130482.5
chrX	93151752	93152968	93152360.0
chr12	86826526	86827454	86826990.0
chr14	60215821	60217413	60216617.0
chr11	120209257	120210404	120209830.5
chr13	31065317	31066407	31065862.0
chr19	10679425	10680773	10680099.0
chr9	7176682	7177303	7176992.5
chr12	20821320	20821994	20821657.0
chr15	77712031	77712639	77712335.0
chr14	54414774	54415252	54415013.0
chr5	135539523	135540740	135540131.5
chr2	62492546	62493027	62492786.5
chr15	96539665	96540883	96540274.0
chr2	119612931	119613679	119613305.0
chrX	71268316	71269718	71269017.0
chr5	142876979	142878347	142877663.0
chr19	44181232	44182492	44181862.0
chr5	45840778	45842121	45841449.5
chr16	98072036	98074232	98073134.0
chr2	179758857	179760735	179759796.0
chr2	152240194	152240923	152240558.5
chrX	20264371	20266595	20265483.0
chr7	80662174	80662904	80662539.0
chrX	142107375	142107686	142107530.5
chr13	21325286	21326649	21325967.5
chr1	182570507	182572387	182571447.0
chr16	21332788	21334135	21333461.5
chr14	68550814	68552524	68551669.0
chr1	87955743	87956475	87956109.0
chr6	8458781	8461317	8460049.0
chr3	89153641	89154425	89154033.0
chr12	85958010	85958964	85958487.0
chr8	72314389	72316091	72315240.0
chr17	57074289	57075500	57074894.5
chr1	136415138	136415674	136415406.0
chr17	85418069	85418743	85418406.0
chr14	55172401	55173802	55173101.5
chr16	3122831	3123244	3123037.5
chr2	132641272	132642386	132641829.0
chr2	144376236	144376801	144376518.5
chr14	121309366	121311365	121310365.5
chr2	26788140	26789657	26788898.5
chr17	5093234	5093793	5093513.5
chr15	100559466	100560124	100559795.0
chr9	3258602	3259134	3258868.0
chr4	155042701	155044070	155043385.5
chr9	22029466	22030863	22030164.5
chrX	7752390	7753519	7752954.5
chr12	60319433	60321484	60320458.5
chrX	45946861	45948037	45947449.0
chr11	70796077	70796821	70796449.0
chr11	57916955	57918348	57917651.5
chr6	115757836	115759392	115758614.0
chr8	72676322	72676822	72676572.0
chr18	68404010	68404629	68404319.5
chr14	37947354	37949252	37948303.0
chr17	13200230	13201736	13200983.0
chr2	152740074	152740670	152740372.0
chr5	144950764	144951328	144951046.0
chr7	52689244	52690638	52689941.0
chr4	48291533	48293186	48292359.5
chr15	81415237	81417415	81416326.0
chr5	137547856	137548394	137548125.0
chr17	66425403	66427117	66426260.0
chrX	39386305	39386736	39386520.5
chr15	89421856	89422618	89422237.0
chr8	125090759	125092464	125091611.5
chr6	146990770	146991966	146991368.0
chr16	13902305	13904048	13903176.5
chr4	46662660	46663708	46663184.0
chr10	25079196	25080055	25079625.5
chr3	107698224	107699604	107698914.0
chr3	84385804	84387339	84386571.5
chr18	24629034	24629732	24629383.0
chr9	26836526	26838646	26837586.0
chr5	122821659	122823039	122822349.0
chr2	119979423	119980917	119980170.0
chr1	186676052	186676595	186676323.5
chr1	90966486	90967171	90966828.5
chr10	79895644	79897364	79896504.0
chr9	37420714	37421886	37421300.0
chrX	120725892	120726351	120726121.5
chr3	51200213	51201006	51200609.5
chr17	33947115	33947666	33947390.5
chr7	133792555	133793595	133793075.0
chr9	110899657	110900219	110899938.0
chr7	135603362	135605901	135604631.5
chr5	125048488	125048954	125048721.0
chr17	33028014	33028860	33028437.0
chr8	27086829	27087445	27087137.0
chr18	10052246	10052910	10052578.0
chr2	127033602	127034681	127034141.5
chr9	114309898	114311149	114310523.5
chr15	82817937	82818546	82818241.5
chr11	29071681	29074206	29072943.5
chr11	100333372	100334540	100333956.0
chr5	125751888	125752423	125752155.5
chr12	74386956	74388319	74387637.5
chr10	59078636	59079963	59079299.5
chr16	91073682	91074172	91073927.0
chr4	141345957	141347159	141346558.0
chr17	25928664	25929768	25929216.0
chr12	88728326	88729920	88729123.0
chr11	118279800	118280908	118280354.0
chr2	26771215	26772632	26771923.5
chr5	31494557	31496677	31495617.0
chr11	93828721	93830121	93829421.0
chr15	88905739	88907199	88906469.0
chr12	55896177	55897066	55896621.5
chr3	65195784	65196966	65196375.0
chr4	89191138	89191976	89191557.0
chr1	136240969	136241598	136241283.5
chr17	57150144	57151557	57150850.5
chr4	125878835	125880730	125879782.5
chr11	96838216	96839955	96839085.5
chr17	8475690	8477607	8476648.5
chr11	109159275	109159750	109159512.5
chr3	79390595	79391226	79390910.5
chrX	47943867	47944418	47944142.5
chr7	20093314	20094603	20093958.5
chr8	83261854	83264138	83262996.0
chr1	191745750	191746614	191746182.0
chr11	102156668	102159177	102157922.5
chr3	30894068	30895441	30894754.5
chrX	72400891	72401369	72401130.0
chr17	24986490	24988145	24987317.5
chr3	135353551	135354887	135354219.0
chr9	55785445	55786560	55786002.5
chr3	36450886	36451858	36451372.0
chr7	16807042	16807780	16807411.0
chr9	108249487	108250695	108250091.0
chr3	14610793	14612023	14611408.0
chr7	31319535	31320914	31320224.5
chr5	104450619	104451265	104450942.0
chr14	55494963	55496673	55495818.0
chrX	71166397	71167871	71167134.0
chr13	14710911	14711479	14711195.0
chr1	145635837	145636355	145636096.0
chr10	30319471	30320967	30320219.0
chr14	78935916	78937168	78936542.0
chr5	144090200	144091344	144090772.0
chr16	22008980	22010331	22009655.5
chr9	106331138	106332637	106331887.5
chr16	42874767	42876693	42875730.0
chr1	166387807	166388914	166388360.5
chr14	103743961	103746671	103745316.0
chr15	76709272	76710282	76709777.0
chr11	34646657	34647717	34647187.0
chr4	152527024	152527443	152527233.5
chr18	34575530	34575932	34575731.0
chr4	140615950	140617348	140616649.0
chr8	126755008	126756057	126755532.5
chrX	7305254	7305995	7305624.5
chr5	135027925	135028557	135028241.0
chr5	107231373	107231893	107231633.0
chr5	93695735	93697842	93696788.5
chr4	11892698	11894191	11893444.5
chrX	72340687	72342043	72341365.0
chr17	24387854	24389076	24388465.0
chr19	40905280	40906739	40906009.5
chr18	68394159	68394642	68394400.5
chr17	80605132	80607292	80606212.0
chr11	58143378	58144998	58144188.0
chr9	21602697	21603409	21603053.0
chr7	148599487	148600729	148600108.0
chr13	105076626	105077490	105077058.0
chr10	77043933	77045320	77044626.5
chr9	21042592	21044006	21043299.0
chr15	102235168	102237617	102236392.5
chr5	142842846	142844163	142843504.5
chr13	112695025	112696223	112695624.0
chr8	113425938	113426623	113426280.5
chr7	31158445	31158996	31158720.5
chr18	21053856	21055529	21054692.5
chr17	21520237	21521144	21520690.5
chr7	35173559	35175629	35174594.0
chr14	19726054	19726653	19726353.5
chr12	60363812	60364249	60364030.5
chr7	71471825	71472337	71472081.0
chr4	108672561	108674212	108673386.5
chr8	93836696	93837984	93837340.0
chr19	56895975	56897256	56896615.5
chr5	123349586	123350843	123350214.5
chr9	21564338	21565536	21564937.0
chr11	103273313	103274522	103273917.5
chr17	87506005	87507391	87506698.0
chr15	59220795	59221162	59220978.5
chr7	17459462	17461096	17460279.0
chr9	7872561	7873327	7872944.0
chrX	103206430	103207680	103207055.0
chrX	148776685	148777523	148777104.0
chr14	67853134	67853597	67853365.5
chr1	157005243	157006581	157005912.0
chr4	134408297	134410452	134409374.5
chr2	130731718	130733076	130732397.0
chr17	35271603	35273068	35272335.5
chr9	122859317	122860781	122860049.0
chr15	55388113	55389595	55388854.0
chr7	16537727	16538287	16538007.0
chr2	57090063	57091583	57090823.0
chr2	80478573	80479618	80479095.5
chr8	97855104	97856630	97855867.0
chr17	63673334	63673861	63673597.5
chrX	106027874	106030487	106029180.5
chr5	9100437	9101642	9101039.5
chr11	109301146	109301711	109301428.5
chr16	91010060	91012206	91011133.0
chr7	38846096	38846606	38846351.0
chr8	85952794	85953571	85953182.5
chr2	167505330	167505900	167505615.0
chr4	133637598	133638336	133637967.0
chrX	165757132	165759242	165758187.0
chr2	180323444	180325244	180324344.0
chr5	136611307	136612812	136612059.5
chr2	90729553	90730594	90730073.5
chr8	73340441	73341062	73340751.5
chr2	52279700	52280951	52280325.5
chr7	13863228	13864953	13864090.5
chr12	111684283	111685982	111685132.5
chr11	88017130	88018265	88017697.5
chr17	75950318	75951806	75951062.0
chr5	109057762	109059301	109058531.5
chr7	4894708	4895255	4894981.5
chr9	24971914	24972421	24972167.5
chr6	11875278	11876913	11876095.5
chr6	37391702	37392762	37392232.0
chr8	122843276	122843878	122843577.0
chr7	96552548	96553099	96552823.5
chr4	123581636	123582856	123582246.0
chr9	110309762	110311298	110310530.0
chr10	114798807	114800584	114799695.5
chr11	85111392	85111962	85111677.0
chr16	32430395	32431702	32431048.5
chr10	75299733	75300487	75300110.0
chr16	10975018	10975393	10975205.5
chr7	134040982	134042222	134041602.0
chr4	40704186	40705448	40704817.0
chr3	105761165	105763053	105762109.0
chr3	68807845	68811494	68809669.5
chr19	10651170	10652493	10651831.5
chr4	133742562	133743522	133743042.0
chr14	67626406	67628282	67627344.0
chr9	65043448	65045159	65044303.5
chr14	55304322	55306465	55305393.5
chr15	99089978	99090546	99090262.0
chr8	72332205	72333174	72332689.5
chr11	97223116	97225415	97224265.5
chr14	27352749	27354827	27353788.0
chrX	102274423	102275967	102275195.0
chr1	181575721	181576294	181576007.5
chr8	98376916	98377753	98377334.5
chr2	34609184	34610750	34609967.0
chr2	143835387	143837588	143836487.5
chr5	38698728	38699357	38699042.5
chr8	87521698	87522193	87521945.5
chr10	81007227	81008667	81007947.0
chr16	33056012	33057579	33056795.5
chr15	38007705	38009204	38008454.5
chr5	123299482	123300914	123300198.0
chr1	56838767	56839424	56839095.5
chr11	100620962	100621517	100621239.5
chr3	115709476	115711389	115710432.5
chr10	85378966	85380318	85379642.0
chr6	143114527	143116818	143115672.5
chr4	132894627	132895788	132895207.5
chr4	40649637	40650731	40650184.0
chr19	21852380	21853541	21852960.5
chr4	148819219	148819911	148819565.0
chr7	20175158	20175668	20175413.0
chrY	2788208	2789532	2788870.0
chr1	133903676	133905336	133904506.0
chrX	20425071	20426127	20425599.0
chr19	4059344	4059871	4059607.5
chr3	102007615	102008745	102008180.0
chr11	5161111	5162278	5161694.5
chrX	7225402	7226633	7226017.5
chr5	65781555	65783302	65782428.5
chrX	3846570	3846947	3846758.5
chr11	70375724	70376756	70376240.0
chr19	57684469	57686483	57685476.0
chr4	3856620	3857211	3856915.5
chr9	102736909	102738354	102737631.5
chr9	20806757	20808350	20807553.5
chr17	71823703	71825422	71824562.5
chr2	120556328	120557786	120557057.0
chr2	32342612	32343256	32342934.0
chr15	81701948	81703402	81702675.0
chrX	132749755	132750233	132749994.0
chr6	85865044	85866607	85865825.5
chrX	148666925	148669638	148668281.5
chr4	41221485	41222974	41222229.5
chr3	103612644	103614380	103613512.0
chr5	139625323	139626889	139626106.0
chrX	138819365	138820029	138819697.0
chr7	149245917	149247649	149246783.0
chr13	44824665	44826948	44825806.5
chr12	110131656	110133002	110132329.0
chr7	106774174	106774688	106774431.0
chr3	106349731	106351484	106350607.5
chr2	25463200	25464267	25463733.5
chr12	102956225	102957107	102956666.0
chr6	95668072	95669374	95668723.0
chr8	81031982	81034367	81033174.5
chr1	66862301	66864939	66863620.0
chr4	35047039	35047630	35047334.5
chr16	52030919	52032451	52031685.0
chr2	157104244	157105652	157104948.0
chr9	53481641	53482144	53481892.5
chr12	113882277	113883875	113883076.0
chr5	36905665	36906240	36905952.5
chr11	115569172	115570754	115569963.0
chr15	99200597	99201217	99200907.0
chr14	33014504	33015896	33015200.0
chr2	32236908	32237990	32237449.0
chr18	8693718	8694197	8693957.5
chr6	70702186	70702874	70702530.0
chrX	7673225	7674687	7673956.0
chr4	117807031	117808054	117807542.5
chr17	36105962	36107391	36106676.5
chr11	116134825	116135925	116135375.0
chr11	102109865	102110589	102110227.0
chr15	94419494	94420742	94420118.0
chr1	87960604	87962364	87961484.0
chr19	53133158	53134249	53133703.5
chr17	45692325	45693188	45692756.5
chr11	120318782	120319826	120319304.0
chr2	78708132	78711269	78709700.5
chr5	106305080	106306529	106305804.5
chr15	83413873	83414486	83414179.5
chr4	12014580	12015468	12015024.0
chr9	100863328	100863967	100863647.5
chr10	121533520	121534953	121534236.5
chr14	61950070	61950486	61950278.0
chr16	87454827	87456161	87455494.0
chr5	65883061	65884708	65883884.5
chr8	108938959	108939531	108939245.0
chr1	136452842	136454008	136453425.0
chr19	47993215	47994653	47993934.0
chr15	57806775	57808464	57807619.5
chr1	132628183	132628813	132628498.0
chr1	182317182	182318165	182317673.5
chr1	16093334	16096771	16095052.5
chr7	118063294	118064808	118064051.0
chr17	8357566	8358911	8358238.5
chr5	137942800	137944577	137943688.5
chr16	37653690	37655018	37654354.0
chr7	134549930	134550534	134550232.0
chr17	56030726	56032129	56031427.5
chr2	120675372	120676841	120676106.5
chr18	84757761	84760193	84758977.0
chr16	25058947	25059633	25059290.0
chr13	95558431	95559738	95559084.5
chr17	25960314	25960939	25960626.5
chr4	45096872	45097918	45097395.0
chr10	60938028	60939398	60938713.0
chr1	16654974	16656390	16655682.0
chr2	22894496	22896300	22895398.0
chr1	96366291	96366799	96366545.0
chr18	40467538	40468137	40467837.5
chr8	72898290	72898944	72898617.0
chr7	52409253	52410468	52409860.5
chr6	39397673	39398302	39397987.5
chr2	69698917	69700541	69699729.0
chr8	18898833	18899543	18899188.0
chr17	31700704	31702992	31701848.0
chr10	41169575	41170720	41170147.5
chr7	30835916	30836790	30836353.0
chr12	103195442	103197082	103196262.0
chr2	5299950	5300628	5300289.0
chr18	76400281	76402293	76401287.0
chr19	4942787	4943385	4943086.0
chr2	152051915	152053472	152052693.5
chr2	30219211	30220565	30219888.0
chr2	38498696	38499851	38499273.5
chr11	70428485	70428952	70428718.5
chr9	119803456	119804870	119804163.0
chr13	109087452	109088266	109087859.0
chr13	67161083	67162644	67161863.5
chr2	170009880	170010430	170010155.0
chr5	25265500	25266095	25265797.5
chr5	143873792	143875133	143874462.5
chr4	45120494	45121279	45120886.5
chr8	86528293	86529106	86528699.5
chr17	47747661	47749024	47748342.5
chr9	31087167	31089310	31088238.5
chr7	50834658	50835664	50835161.0
chr4	43505436	43507046	43506241.0
chr9	75161715	75162349	75162032.0
chr7	126863546	126864706	126864126.0
chr1	58642372	58643874	58643123.0
chr3	89855520	89857246	89856383.0
chr11	104986920	104988558	104987739.0
chr12	93086827	93088147	93087487.0
chr11	6167246	6168263	6167754.5
chr11	115280573	115282243	115281408.0
chr9	48287953	48289313	48288633.0
chr4	115725357	115726820	115726088.5
chrY	2796407	2797223	2796815.0
chr19	4125509	4126565	4126037.0
chr13	63915974	63917191	63916582.5
chr11	100480190	100481709	100480949.5
chr15	97922871	97924371	97923621.0
chr4	98049500	98050218	98049859.0
chr1	174073635	174074127	174073881.0
chr11	60726775	60727847	60727311.0
chr2	90757292	90758492	90757892.0
chr5	125658761	125660172	125659466.5
chr11	97855877	97856430	97856153.5
chr6	71858311	71859463	71858887.0
chr7	63305022	63306340	63305681.0
chr18	49991686	49993056	49992371.0
chr8	72565761	72567429	72566595.0
chrX	34730870	34732178	34731524.0
chr8	26950580	26952173	26951376.5
chr4	124761825	124763132	124762478.5
chr4	11248709	11249837	11249273.0
chr3	9500646	9501209	9500927.5
chr8	60130265	60131917	60131091.0
chr1	9736609	9739085	9737847.0
chr17	85189268	85190830	85190049.0
chr11	101519093	101520501	101519797.0
chrX	156828290	156828814	156828552.0
chr8	8689416	8690956	8690186.0
chr9	35018004	35019477	35018740.5
chr9	34982804	34984097	34983450.5
chr7	29995980	29997027	29996503.5
chr7	152100216	152101683	152100949.5
chr8	26894871	26896466	26895668.5
chr1	177621777	177624051	177622914.0
chr7	59116602	59118080	59117341.0
chr8	86186137	86186697	86186417.0
chr4	123394963	123395970	123395466.5
chr19	6117697	6118919	6118308.0
chr17	35810322	35811068	35810695.0
chr16	38549738	38550557	38550147.5
chr10	92915464	92916695	92916079.5
chr19	60018754	60020035	60019394.5
chr16	17619168	17620096	17619632.0
chr11	30885753	30887115	30886434.0
chr18	67933406	67936160	67934783.0
chr8	122098288	122099614	122098951.0
chr1	43148528	43150012	43149270.0
chr19	39005061	39006209	39005635.0
chr9	107806966	107807490	107807228.0
chr19	28084823	28086849	28085836.0
chr15	103012496	103013099	103012797.5
chr18	35911430	35912271	35911850.5
chr6	146582187	146583707	146582947.0
chr11	117829613	117831621	117830617.0
chr16	87495224	87496709	87495966.5
chr8	3499867	3501318	3500592.5
chr19	7279949	7281330	7280639.5
chr9	56784888	56785941	56785414.5
chr7	28375851	28378294	28377072.5
chr4	11117106	11119759	11118432.5
chr9	44075961	44076654	44076307.5
chr8	41508568	41510055	41509311.5
chr5	30480926	30482633	30481779.5
chr7	28120800	28121328	28121064.0
chr8	108281943	108283118	108282530.5
chr8	108861618	108862300	108861959.0
chr15	98356415	98357072	98356743.5
chr18	82112720	82113368	82113044.0
chr18	61797516	61798180	61797848.0
chr2	130275304	130276697	130276000.5
chrX	70703898	70704929	70704413.5
chr6	33198682	33199813	33199247.5
chr11	117709783	117711001	117710392.0
chr3	53667064	53668391	53667727.5
chr7	134591958	134593170	134592564.0
chr9	21741131	21741706	21741418.5
chr2	73705804	73706233	73706018.5
chr19	7556598	7558476	7557537.0
chr15	99287990	99288566	99288278.0
chr9	66359196	66360040	66359618.0
chr7	25918053	25918544	25918298.5
chr9	63246355	63247595	63246975.0
chr2	34759924	34761245	34760584.5
chr4	116854580	116855730	116855155.0
chr11	87239717	87241115	87240416.0
chr5	112771469	112772809	112772139.0
chr17	3156088	3156621	3156354.5
chr1	170362063	170363017	170362540.0
chr14	70204666	70205955	70205310.5
chr8	74474408	74475364	74474886.0
chr2	28438010	28439105	28438557.5
chr2	163895909	163897368	163896638.5
chr19	8860178	8861219	8860698.5
chr3	104511223	104511756	104511489.5
chr6	48035552	48037143	48036347.5
chr5	29704295	29705637	29704966.0
chr10	98376268	98378688	98377478.0
chr17	46339060	46340325	46339692.5
chr6	30123865	30124718	30124291.5
chr6	88396041	88396825	88396433.0
chr9	121280443	121281152	121280797.5
chr5	97540131	97541134	97540632.5
chr1	181598085	181598703	181598394.0
chr17	26146321	26146988	26146654.5
chr16	17508173	17509823	17508998.0
chr11	107408631	107409692	107409161.5
chr11	95245344	95246635	95245989.5
chr2	25187669	25189008	25188338.5
chr6	3349267	3349820	3349543.5
chr7	134564935	134566194	134565564.5
chr7	46843786	46844372	46844079.0
chr19	5823385	5823977	5823681.0
chr5	111308510	111309331	111308920.5
chr11	78348942	78350402	78349672.0
chr6	124778079	124780808	124779443.5
chr13	93379790	93382257	93381023.5
chr8	47701924	47703778	47702851.0
chr18	61370564	61371696	61371130.0
chr7	133343059	133344541	133343800.0
chr8	73389142	73390323	73389732.5
chr13	62230936	62231673	62231304.5
chr13	54665786	54667321	54666553.5
chr10	81111362	81112191	81111776.5
chr6	3397405	3397796	3397600.5
chr15	73475218	73476737	73475977.5
chr1	9689683	9691304	9690493.5
chr11	102090616	102092003	102091309.5
chr1	36603388	36604638	36604013.0
chr8	124473610	124475834	124474722.0
chr5	109097708	109098769	109098238.5
chr11	72608719	72610352	72609535.5
chr1	45881962	45882480	45882221.0
chr5	108329172	108330512	108329842.0
chr3	52789369	52789926	52789647.5
chr17	25022892	25024444	25023668.0
chr11	84693194	84694315	84693754.5
chr7	111392645	111393172	111392908.5
chr12	34114047	34115072	34114559.5
chr7	71100908	71101562	71101235.0
chr2	56975400	56976881	56976140.5
chr18	14941013	14942760	14941886.5
chr13	55793737	55795115	55794426.0
chr9	54407748	54408354	54408051.0
chrX	70163218	70164714	70163966.0
chr11	66726300	66726926	66726613.0
chr11	118947135	118948034	118947584.5
chr15	27407239	27407827	27407533.0
chr4	131766797	131768549	131767673.0
chr9	51975894	51977363	51976628.5
chr13	110692627	110693673	110693150.0
chr17	15079736	15081045	15080390.5
chr9	110207070	110208265	110207667.5
chr2	29049951	29050564	29050257.5
chr5	67817927	67819378	67818652.5
chr8	106965717	106967244	106966480.5
chrX	13422751	13424973	13423862.0
chr11	70657973	70658884	70658428.5
chr5	147759664	147760833	147760248.5
chr2	132527078	132527581	132527329.5
chr5	110876579	110878284	110877431.5
chr7	30552889	30554133	30553511.0
chr2	26819410	26820448	26819929.0
chr3	137654029	137654624	137654326.5
chr5	72950051	72951470	72950760.5
chr4	57794773	57795314	57795043.5
chr15	34912374	34913502	34912938.0
chrX	84483488	84483954	84483721.0
chr8	73992602	73993554	73993078.0
chr8	106919288	106919948	106919618.0
chr6	124690161	124692005	124691083.0
chr7	51501356	51502880	51502118.0
chr8	72240105	72241403	72240754.0
chr2	30033445	30034374	30033909.5
chr14	58617580	58618427	58618003.5
chr14	64162014	64163281	64162647.5
chr3	32263826	32265129	32264477.5
chr3	96708588	96709661	96709124.5
chr8	74405542	74406158	74405850.0
chr11	35582567	35583960	35583263.5
chr5	29522149	29522752	29522450.5
chr17	57170309	57171934	57171121.5
chr11	87900420	87900830	87900625.0
chr8	126042429	126043023	126042726.0
chr3	89031964	89032609	89032286.5
chr4	83131309	83133066	83132187.5
chr19	4191487	4192715	4192101.0
chr16	64873149	64874241	64873695.0
chr18	24687729	24689152	24688440.5
chr7	30879479	30880509	30879994.0
chr17	46633398	46634061	46633729.5
chr2	154875937	154877105	154876521.0
chr3	135084782	135087161	135085971.5
chr9	21117684	21118233	21117958.5
chr11	96723041	96723697	96723369.0
chr7	3568444	3569635	3569039.5
chr19	38910644	38912165	38911404.5
chrY	2789573	2790209	2789891.0
chr11	58115183	58116622	58115902.5
chr17	29650050	29650681	29650365.5
chr1	46909213	46911221	46910217.0
chr17	71339297	71340624	71339960.5
chr19	32246844	32247391	32247117.5
chr16	87431968	87433276	87432622.0
chr15	58701336	58701972	58701654.0
chr19	3999836	4001020	4000428.0
chr4	47486573	47488491	47487532.0
chr1	77511484	77512050	77511767.0
chr8	11554746	11559000	11556873.0
chr10	77927238	77928445	77927841.5
chrX	91934919	91935562	91935240.5
chr4	9595498	9597157	9596327.5
chr5	29895226	29896704	29895965.0
chr1	157887125	157888480	157887802.5
chr17	25152077	25153978	25153027.5
chr9	110378513	110379999	110379256.0
chr13	110612181	110613485	110612833.0
chr6	47827259	47828545	47827902.0
chr10	22450149	22452323	22451236.0
chr10	76880637	76881323	76880980.0
chr13	62861681	62862410	62862045.5
chr12	88287215	88289030	88288122.5
chr13	58576751	58577297	58577024.0
chr10	13272380	13273678	13273029.0
chr8	23586731	23588086	23587408.5
chr11	121563408	121564038	121563723.0
chr6	83027489	83029162	83028325.5
chr2	130099390	130100769	130100079.5
chr10	127846137	127847577	127846857.0
chr10	7386879	7387744	7387311.5
chr11	120239429	120240568	120239998.5
chr17	26389416	26390665	26390040.5
chr8	72298249	72299244	72298746.5
chr14	14952572	14953800	14953186.0
chr8	112741189	112742225	112741707.0
chr16	17222215	17222748	17222481.5
chr7	138552851	138554540	138553695.5
chr19	6995852	6997057	6996454.5
chr13	111184367	111185965	111185166.0
chr1	133723984	133725395	133724689.5
chr2	26264021	26265184	26264602.5
chr2	167486544	167487653	167487098.5
chr8	108020485	108021177	108020831.0
chr11	101139942	101140735	101140338.5
chr8	72662646	72664040	72663343.0
chr1	136351353	136352604	136351978.5
chr1	94369650	94371151	94370400.5
chr10	80052503	80053716	80053109.5
chr11	77326321	77327345	77326833.0
chr15	80534707	80535127	80534917.0
chr16	56028959	56030540	56029749.5
chr1	120206954	120208544	120207749.0
chr5	135662395	135664001	135663198.0
chr5	122109963	122111210	122110586.5
chr6	73198035	73199510	73198772.5
chr17	12311553	12312621	12312087.0
chr3	95558316	95559153	95558734.5
chr4	108952354	108954153	108953253.5
chr2	180316821	180318044	180317432.5
chr7	140900153	140901508	140900830.5
chr11	116975513	116977327	116976420.0
chr4	154272927	154273541	154273234.0
chr7	117364591	117366088	117365339.5
chrX	67638197	67639667	67638932.0
chr13	23653226	23655371	23654298.5
chr15	38228410	38232366	38230388.0
chr16	8666492	8667007	8666749.5
chr9	122219606	122220232	122219919.0
chr14	76931682	76933602	76932642.0
chr13	120250626	120252398	120251512.0
chr19	9107935	9108561	9108248.0
chr16	62846168	62847342	62846755.0
chr1	156853636	156854116	156853876.0
chrX	34300896	34301322	34301109.0
chr16	31274459	31275726	31275092.5
chr11	20377320	20377944	20377632.0
chr19	6983779	6985241	6984510.0
chr4	137417873	137418461	137418167.0
chr9	44041607	44043196	44042401.5
chr5	52580721	52582800	52581760.5
chr19	61275170	61276068	61275619.0
chrX	160513639	160514873	160514256.0
chr6	64992292	64993527	64992909.5
chrX	7182199	7182838	7182518.5
chr5	141124497	141125655	141125076.0
chr15	97793690	97795065	97794377.5
chr9	26806535	26807986	26807260.5
chr15	51696175	51697551	51696863.0
chr15	101113597	101115202	101114399.5
chr1	181889660	181890870	181890265.0
chr7	51845858	51846470	51846164.0
chr14	84842947	84843563	84843255.0
chr19	29441449	29442161	29441805.0
chr19	47929033	47929830	47929431.5
chr4	129373417	129374526	129373971.5
chr10	122632394	122634777	122633585.5
chr6	94649574	94650677	94650125.5
chr15	102033346	102034966	102034156.0
chr9	105721466	105722000	105721733.0
chr7	71193158	71195038	71194098.0
chr5	135499030	135499674	135499352.0
chr5	135582457	135582931	135582694.0
chr17	34973313	34974457	34973885.0
chr2	122174118	122175179	122174648.5
chr17	32420078	32422145	32421111.5
chr5	149770072	149771327	149770699.5
chr15	82059967	82060830	82060398.5
chr8	72757763	72759058	72758410.5
chr3	54538104	54540506	54539305.0
chr14	122459866	122460313	122460089.5
chr3	9004075	9004836	9004455.5
chr8	114166859	114168590	114167724.5
chr16	30587251	30588281	30587766.0
chr6	66846005	66847068	66846536.5
chr1	91350994	91351611	91351302.5
chr11	11708014	11709642	11708828.0
chr7	125248010	125248796	125248403.0
chr18	63850948	63852705	63851826.5
chr2	38781222	38782956	38782089.0
chrX	53862467	53863505	53862986.0
chr4	119211592	119213238	119212415.0
chr4	133951838	133952526	133952182.0
chr9	96254163	96254687	96254425.0
chr7	19734083	19735573	19734828.0
chr19	61341136	61341940	61341538.0
chr2	17968820	17969928	17969374.0
chr11	45757753	45758867	45758310.0
chr9	74918486	74920013	74919249.5
chr11	98054035	98055204	98054619.5
chr1	97563738	97564814	97564276.0
chr19	8893310	8895621	8894465.5
chr15	68089497	68091778	68090637.5
chr8	32297450	32298317	32297883.5
chr5	142915794	142917168	142916481.0
chrX	138662133	138663462	138662797.5
chr11	100487969	100488600	100488284.5
chr7	31372755	31374895	31373825.0
chr9	105544825	105545936	105545380.5
chr5	111081716	111082987	111082351.5
chr2	80154975	80156463	80155719.0
chr14	59819463	59820666	59820064.5
chr2	126700501	126702514	126701507.5
chr19	45886628	45887063	45886845.5
chr16	57606430	57607526	57606978.0
chr19	38470092	38470901	38470496.5
chr17	24806177	24807483	24806830.0
chr1	182155743	182156773	182156258.0
chr11	53914197	53914692	53914444.5
chr17	53617807	53619562	53618684.5
chr7	3655123	3656344	3655733.5
chr7	134152034	134152859	134152446.5
chr1	194860485	194862785	194861635.0
chr19	45634599	45635462	45635030.5
chr17	57136278	57137269	57136773.5
chr18	85092209	85092718	85092463.5
chr13	67005545	67006729	67006137.0
chr2	179991047	179992666	179991856.5
chr11	54600305	54601676	54600990.5
chr4	10800649	10802959	10801804.0
chr19	10256962	10258411	10257686.5
chr18	85867222	85867816	85867519.0
chr17	64680472	64682239	64681355.5
chr6	83306389	83307067	83306728.0
chr2	90893537	90894950	90894243.5
chr6	90937689	90939612	90938650.5
chr15	77786887	77787471	77787179.0
chr1	93294177	93295823	93295000.0
chr10	89148120	89149827	89148973.5
chr1	58852013	58852743	58852378.0
chr7	19608693	19610520	19609606.5
chr16	3895333	3895864	3895598.5
chr11	85047782	85049032	85048407.0
chr7	88933787	88934833	88934310.0
chr1	55187579	55188884	55188231.5
chr2	37558124	37559565	37558844.5
chr10	95539941	95540737	95540339.0
chr8	108733889	108735700	108734794.5
chr1	127456616	127458096	127457356.0
chr16	4885575	4887217	4886396.0
chr15	75910585	75911922	75911253.5
chr3	123088086	123089400	123088743.0
chr2	25401919	25402886	25402402.5
chr11	51353024	51353562	51353293.0
chr15	102211976	102212398	102212187.0
chr4	125998112	125999384	125998748.0
chr2	39045512	39046841	39046176.5
chr2	112207299	112208671	112207985.0
chr10	41209854	41210489	41210171.5
chr15	78869176	78869765	78869470.5
chr11	51397542	51399252	51398397.0
chr4	133285418	133286037	133285727.5
chr9	36604171	36605288	36604729.5
chr19	6275900	6277506	6276703.0
chr11	76015193	76016013	76015603.0
chr3	121655869	121656396	121656132.5
chr2	173935346	173936684	173936015.0
chr9	14184174	14186215	14185194.5
chr15	41662112	41662721	41662416.5
chr7	97298816	97299246	97299031.0
chr2	121268013	121268678	121268345.5
chr1	13578993	13580524	13579758.5
chr4	133443026	133444191	133443608.5
chrX	159266319	159268050	159267184.5
chr13	59769639	59770381	59770010.0
chr11	78058706	78060017	78059361.5
chr11	115464592	115465993	115465292.5
chr17	36116016	36117734	36116875.0
chr17	29088796	29089948	29089372.0
chr11	120177125	120178173	120177649.0
chr7	30983678	30984103	30983890.5
chr4	79648274	79651318	79649796.0
chrX	155970132	155971508	155970820.0
chr15	85641231	85642650	85641940.5
chr17	24550553	24552356	24551454.5
chr5	115790506	115791711	115791108.5
chr17	45822271	45823996	45823133.5
chr13	67626451	67627558	67627004.5
chr4	128639376	128640015	128639695.5
chr2	152118994	152120450	152119722.0
chr9	106182625	106184126	106183375.5
chr2	180921190	180922707	180921948.5
chr17	27075795	27077260	27076527.5
chr2	32279469	32279914	32279691.5
chr15	93166338	93168408	93167373.0
chr1	20809661	20810847	20810254.0
chrX	71499621	71500938	71500279.5
chr11	32354601	32355716	32355158.5
chr4	43043262	43044960	43044111.0
chr7	4740177	4741399	4740788.0
chr9	88375647	88378235	88376941.0
chr11	98219223	98220227	98219725.0
chr15	38403014	38404059	38403536.5
chr3	157587652	157588430	157588041.0
chr1	89533297	89534930	89534113.5
chr3	96239385	96240050	96239717.5
chr16	45742335	45743474	45742904.5
chr4	148274753	148275618	148275185.5
chr1	157819272	157821501	157820386.5
chr5	107124605	107126194	107125399.5
chr8	85855667	85856880	85856273.5
chr2	90235103	90235528	90235315.5
chr5	143026596	143027461	143027028.5
chr17	3557015	3558417	3557716.0
chr12	21117061	21117980	21117520.5
chr9	75394754	75395503	75395128.5
chr2	69640766	69641508	69641137.0
chr2	29682319	29683333	29682826.0
chr7	110941240	110941982	110941611.0
chr16	33380302	33381825	33381063.5
chr5	88982554	88984254	88983404.0
chr2	91076665	91078103	91077384.0
chr17	88463193	88466154	88464673.5
chr5	86600975	86602388	86601681.5
chr9	118583889	118584332	118584110.5
chr5	135382935	135383467	135383201.0
chr11	84983503	84984041	84983772.0
chr2	24774161	24775676	24774918.5
chr1	84834782	84837129	84835955.5
chr13	67369516	67370377	67369946.5
chr11	23794474	23795596	23795035.0
chr12	98299408	98300225	98299816.5
chr7	133618033	133619270	133618651.5
chr13	55291143	55292305	55291724.0
chr3	67386248	67387323	67386785.5
chr1	158868827	158870494	158869660.5
chr8	8660701	8662238	8661469.5
chr15	84817602	84819088	84818345.0
chr8	93352421	93353083	93352752.0
chr1	102076520	102077129	102076824.5
chr1	134373208	134374394	134373801.0
chr3	19210664	19212056	19211360.0
chr10	62442620	62443722	62443171.0
chr9	69301100	69301774	69301437.0
chr13	38128538	38130067	38129302.5
chr17	23965216	23966691	23965953.5
chr10	5957240	5960168	5958704.0
chr12	81563853	81564785	81564319.0
chr9	115217555	115220315	115218935.0
chr7	109414832	109417533	109416182.5
chr14	48268677	48269996	48269336.5
chr8	35869951	35870566	35870258.5
chr13	23492709	23494816	23493762.5
chr8	86589881	86591608	86590744.5
chr5	110659251	110661061	110660156.0
chr16	44723813	44725385	44724599.0
chr1	34898937	34900366	34899651.5
chr5	139758135	139758593	139758364.0
chr19	23761484	23762562	23762023.0
chr7	48647834	48649393	48648613.5
chr9	120401094	120402628	120401861.0
chr7	16506963	16508368	16507665.5
chr8	74152934	74153662	74153298.0
chr9	50466905	50468267	50467586.0
chr19	9027820	9028881	9028350.5
chr15	74583124	74583658	74583391.0
chr14	21513882	21515275	21514578.5
chr16	37868032	37869170	37868601.0
chr2	112332662	112334277	112333469.5
chr3	79770596	79771062	79770829.0
chr14	47993305	47993840	47993572.5
chr6	146672981	146674498	146673739.5
chr2	69043536	69044972	69044254.0
chr11	100980653	100981900	100981276.5
chr4	147278012	147279637	147278824.5
chr13	67406678	67407838	67407258.0
chr2	57033829	57035035	57034432.0
chr3	108641917	108644017	108642967.0
chr7	112892226	112893398	112892812.0
chr4	126106161	126107620	126106890.5
chr7	118171936	118173226	118172581.0
chr10	80629732	80631171	80630451.5
chr8	75843396	75843790	75843593.0
chr5	34711825	34713489	34712657.0
chr11	70832335	70833691	70833013.0
chr6	8158796	8160207	8159501.5
chr15	9016504	9017105	9016804.5
chr17	71947188	71948760	71947974.0
chr4	53452665	53453800	53453232.5
chr17	56017351	56018837	56018094.0
chr14	17212604	17213151	17212877.5
chrX	131285721	131286163	131285942.0
chr15	79713682	79714189	79713935.5
chr14	20642365	20643754	20643059.5
chr18	81134805	81135327	81135066.0
chr9	110033852	110035205	110034528.5
chr18	61885251	61886523	61885887.0
chr9	88753494	88754126	88753810.0
chr12	70825298	70826612	70825955.0
chr5	23332150	23332595	23332372.5
chr6	34321661	34322176	34321918.5
chr16	17200641	17201893	17201267.0
chr9	120491476	120492128	120491802.0
chr2	155061804	155062884	155062344.0
chr16	16104302	16104760	16104531.0
chr13	119174784	119176641	119175712.5
chr7	123586403	123587633	123587018.0
chr19	6076772	6077425	6077098.5
chr18	32322095	32323626	32322860.5
chr8	113823096	113824873	113823984.5
chr19	60655859	60657486	60656672.5
chr16	94534108	94535642	94534875.0
chr2	75606233	75606742	75606487.5
chr5	33375639	33376301	33375970.0
chr3	157609499	157611775	157610637.0
chr2	117089488	117089892	117089690.0
chr3	94818231	94820846	94819538.5
chr15	99802493	99804382	99803437.5
chr7	108496270	108496795	108496532.5
chr2	4839757	4840521	4840139.0
chr10	117578198	117579473	117578835.5
chr9	35366781	35367466	35367123.5
chr11	79955310	79956119	79955714.5
chrX	103366403	103366988	103366695.5
chr4	133101221	133102318	133101769.5
chr1	57462804	57464561	57463682.5
chr2	130461344	130461894	130461619.0
chr10	80522492	80523385	80522938.5
chr4	45024282	45026720	45025501.0
chr10	57167722	57168327	57168024.5
chr12	86795816	86796908	86796362.0
chr1	37476182	37476746	37476464.0
chr8	125966581	125967625	125967103.0
chr2	165739673	165740148	165739910.5
chr11	115273557	115275745	115274651.0
chr7	6106813	6108302	6107557.5
chr15	100208222	100209458	100208840.0
chr5	107003327	107003981	107003654.0
chr9	108984147	108985460	108984803.5
chr1	92949390	92950165	92949777.5
chr3	145627357	145627855	145627606.0
chr5	111759132	111760490	111759811.0
chr17	29144035	29145404	29144719.5
chr11	80597644	80598371	80598007.5
chr9	54996679	54998222	54997450.5
chr15	93227875	93229765	93228820.0
chr2	104582615	104583319	104582967.0
chr11	98697825	98698430	98698127.5
chr1	66908910	66910649	66909779.5
chr7	128849888	128851472	128850680.0
chr18	77951509	77953621	77952565.0
chr7	134536714	134537565	134537139.5
chr1	173004409	173004819	173004614.0
chr11	3863506	3864775	3864140.5
chr8	86117438	86119049	86118243.5
chr11	99091324	99092383	99091853.5
chr8	109926483	109928125	109927304.0
chr6	108135134	108135833	108135483.5
chr10	95543238	95543476	95543357.0
chr5	108303805	108304580	108304192.5
chr8	125735673	125737299	125736486.0
chr16	3908347	3909497	3908922.0
chr11	78564806	78565511	78565158.5
chr9	65756158	65757630	65756894.0
chr13	111534098	111534877	111534487.5
chr7	80762429	80764254	80763341.5
chr8	24318109	24319510	24318809.5
chr7	148406834	148408437	148407635.5
chr5	74590917	74591586	74591251.5
chr14	121777358	121779387	121778372.5
chr15	36868225	36868893	36868559.0
chr10	93497740	93499517	93498628.5
chr17	28512509	28513078	28512793.5
chr5	122871739	122873502	122872620.5
chr8	28133682	28134804	28134243.0
chrX	7256744	7257282	7257013.0
chr11	102741949	102743282	102742615.5
chr13	62957556	62958067	62957811.5
chr19	5366062	5367745	5366903.5
chr6	50059731	50060967	50060349.0
chr7	112098747	112099124	112098935.5
chr17	27771626	27772744	27772185.0
chr7	80739958	80740527	80740242.5
chr9	107443772	107444936	107444354.0
chr6	118511459	118512784	118512121.5
chr5	33015776	33016441	33016108.5
chr1	64663232	64664633	64663932.5
chr1	158648308	158649731	158649019.5
chr14	35428175	35428775	35428475.0
chr5	102497985	102499461	102498723.0
chr19	40194083	40194533	40194308.0
chr16	90726888	90728329	90727608.5
chrX	99699636	99700989	99700312.5
chr9	7763352	7765144	7764248.0
chr11	101286069	101287350	101286709.5
chr4	64158687	64159269	64158978.0
chr4	115822666	115823523	115823094.5
chr6	119852204	119853555	119852879.5
chr3	95428316	95429956	95429136.0
chr13	81879829	81880392	81880110.5
chr13	75934910	75935774	75935342.0
chr10	100051109	100052232	100051670.5
chr2	103985865	103986692	103986278.5
chr15	31530481	31532614	31531547.5
chr15	79073497	79074049	79073773.0
chr16	84735018	84736321	84735669.5
chr3	35591894	35592381	35592137.5
chr11	98644563	98645096	98644829.5
chr3	146183391	146184899	146184145.0
chr16	16357914	16359487	16358700.5
chr19	10599181	10600859	10600020.0
chr10	80499601	80500466	80500033.5
chr13	21878603	21879948	21879275.5
chr2	25211521	25212316	25211918.5
chr8	3392414	3393500	3392957.0
chr11	23397150	23398591	23397870.5
chr11	96690400	96692019	96691209.5
chr11	68753073	68753651	68753362.0
chr11	59041106	59042443	59041774.5
chr1	54307285	54307888	54307586.5
chr10	126342555	126343281	126342918.0
chr7	136735120	136736160	136735640.0
chr1	193813658	193814349	193814003.5
chr2	13192216	13193774	13192995.0
chr7	52650505	52651799	52651152.0
chr16	4624089	4625293	4624691.0
chr11	3286901	3287562	3287231.5
chr10	87966153	87967169	87966661.0
chr17	50431887	50432572	50432229.5
chr18	75159633	75160845	75160239.0
chr2	84510303	84511416	84510859.5
chr2	121781185	121783190	121782187.5
chr11	105945083	105946779	105945931.0
chrY	2865413	2868149	2866781.0
chr19	34575242	34575623	34575432.5
chr7	28763662	28764679	28764170.5
chr4	21653947	21655733	21654840.0
chr8	3620872	3621963	3621417.5
chr11	77321493	77321936	77321714.5
chr9	80012038	80013322	80012680.0
chr4	137817770	137818771	137818270.5
chr4	116984762	116985813	116985287.5
chr18	74375098	74376759	74375928.5
chr3	95754425	95755664	95755044.5
chr4	154459649	154461218	154460433.5
chr11	100943341	100944609	100943975.0
chr5	123464548	123465866	123465207.0
chr5	35291320	35292847	35292083.5
chr1	182866590	182867482	182867036.0
chr6	118368986	118370193	118369589.5
chr17	86550216	86550659	86550437.5
chr10	59164806	59166055	59165430.5
chr19	36984125	36984745	36984435.0
chr10	80477475	80478093	80477784.0
chr6	121221867	121222974	121222420.5
chr15	76469648	76470889	76470268.5
chr15	75738841	75741051	75739946.0
chr9	107611922	107612739	107612330.5
chr7	117161449	117162938	117162193.5
chrX	73843776	73844623	73844199.5
chr7	105850854	105852560	105851707.0
chr4	132288099	132288706	132288402.5
chr3	122969781	122971089	122970435.0
chr11	115473366	115474832	115474099.0
chr8	72497788	72498790	72498289.0
chr4	123594065	123595573	123594819.0
chr19	24550959	24552461	24551710.0
chr12	85262068	85263476	85262772.0
chr11	78074687	78075800	78075243.5
chr18	62707766	62708983	62708374.5
chr2	131178060	131179207	131178633.5
chr6	86798478	86800175	86799326.5
chr13	81848967	81851304	81850135.5
chr3	121947902	121951142	121949522.0
chr14	62057895	62059543	62058719.0
chr13	49776892	49778246	49777569.0
chr8	121918307	121919422	121918864.5
chr15	101980575	101981894	101981234.5
chr17	23862565	23864215	23863390.0
chr13	67914479	67915428	67914953.5
chr5	31503971	31505237	31504604.0
chr5	143942113	143942790	143942451.5
chr17	7164969	7166351	7165660.0
chr3	104855618	104856164	104855891.0
chr1	134929734	134931063	134930398.5
chr8	3220861	3221670	3221265.5
chr3	89262298	89263708	89263003.0
chr15	76778354	76779689	76779021.5
chr3	97413014	97414441	97413727.5
chr2	132094891	132095471	132095181.0
chr9	72487635	72488224	72487929.5
chr13	19487038	19488269	19487653.5
chrX	148435856	148436960	148436408.0
chr2	27369992	27371741	27370866.5
chr11	61318135	61318883	61318509.0
chr11	90399926	90400560	90400243.0
chr14	51489836	51490498	51490167.0
chr17	56765658	56766962	56766310.0
chr1	154748665	154751258	154749961.5
chr17	6316873	6318031	6317452.0
chr5	115568960	115569637	115569298.5
chr2	157282884	157283623	157283253.5
chr17	3084444	3085050	3084747.0
chr2	32142875	32144581	32143728.0
chr7	133726504	133727286	133726895.0
chr11	57981501	57982227	57981864.0
chr4	41669582	41670619	41670100.5
chr15	84242783	84243327	84243055.0
chr1	39534827	39535933	39535380.0
chr4	155366036	155368209	155367122.5
chr2	32985715	32987233	32986474.0
chr14	103497122	103499471	103498296.5
chr14	61791155	61792552	61791853.5
chr9	110612192	110612659	110612425.5
chr3	138737024	138739375	138738199.5
chr3	89323776	89324286	89324031.0
chr15	34424472	34425660	34425066.0
chr12	21378759	21380250	21379504.5
chr2	25110499	25111701	25111100.0
chr19	60936682	60937805	60937243.5
chr5	147605465	147607066	147606265.5
chr11	107847171	107847683	107847427.0
chr3	89612411	89612965	89612688.0
chrX	20193679	20195382	20194530.5
chr9	121206264	121207351	121206807.5
chr19	4624986	4626165	4625575.5
chr6	115693463	115694077	115693770.0
chr1	39592098	39593720	39592909.0
chr17	27692592	27694347	27693469.5
chr14	52876232	52878025	52877128.5
chr10	90523527	90524035	90523781.0
chr3	97432321	97433018	97432669.5
chr2	122456067	122457616	122456841.5
chr9	95440832	95441375	95441103.5
chr14	115491161	115491820	115491490.5
chr15	73252603	73254442	73253522.5
chr7	29096585	29097631	29097108.0
chr5	118863332	118863841	118863586.5
chr3	121587771	121588283	121588027.0
chr11	97605354	97606873	97606113.5
chr3	87826554	87827413	87826983.5
chr10	77647423	77648374	77647898.5
chr1	108655305	108656840	108656072.5
chr4	86393874	86395480	86394677.0
chr13	95128129	95129587	95128858.0
chr5	93521432	93523272	93522352.0
chrX	69061472	69062816	69062144.0
chr1	193112613	193113114	193112863.5
chr9	47337974	47338646	47338310.0
chr10	33738455	33740042	33739248.5
chr13	108621274	108621835	108621554.5
chr5	9160730	9162397	9161563.5
chr15	12753895	12755190	12754542.5
chr11	43239355	43240382	43239868.5
chr8	123191380	123192812	123192096.0
chr17	24940920	24941756	24941338.0
chr2	75819511	75820244	75819877.5
chr8	123631606	123632721	123632163.5
chr15	85662383	85662995	85662689.0
chr4	59450784	59451508	59451146.0
chr9	123168638	123170342	123169490.0
chr19	6014701	6016078	6015389.5
chr19	44014411	44015011	44014711.0
chr19	46089062	46089435	46089248.5
chr3	83939175	83939696	83939435.5
chr14	35315154	35316610	35315882.0
chr5	90812090	90812656	90812373.0
chr5	142923926	142924484	142924205.0
chr1	172562444	172562937	172562690.5
chr13	68720450	68721778	68721114.0
chr2	110821609	110822333	110821971.0
chr17	22451311	22452365	22451838.0
chr7	86536538	86538131	86537334.5
chr8	127186183	127187701	127186942.0
chr9	36574592	36576425	36575508.5
chr10	42480842	42482429	42481635.5
chr17	35089080	35090124	35089602.0
chr7	148640641	148642118	148641379.5
chr2	157164226	157164771	157164498.5
chr7	31016270	31018160	31017215.0
chr7	27950909	27952653	27951781.0
chr11	115891066	115892872	115891969.0
chr6	9839735	9840374	9840054.5
chr5	151467246	151468852	151468049.0
chr8	67373251	67374338	67373794.5
chr11	120298204	120299247	120298725.5
chr17	88071316	88072620	88071968.0
chr15	78971125	78972184	78971654.5
chr7	138009008	138009566	138009287.0
chr2	5871633	5873405	5872519.0
chr8	125588697	125590288	125589492.5
chr4	137838646	137839172	137838909.0
chr17	5439805	5441060	5440432.5
chr2	181099136	181101182	181100159.0
chr13	38749739	38751408	38750573.5
chr8	34751926	34752935	34752430.5
chr3	137624794	137625391	137625092.5
chr4	154974920	154976602	154975761.0
chr10	117540163	117540762	117540462.5
chr11	77499118	77501591	77500354.5
chr1	52556474	52557876	52557175.0
chr18	34782856	34785332	34784094.0
chr7	6122959	6124761	6123860.0
chr17	35118415	35119445	35118930.0
chr2	128954923	128956272	128955597.5
chr11	70245445	70246957	70246201.0
chr4	109348591	109350266	109349428.5
chr1	104524578	104525076	104524827.0
chr7	134887880	134890020	134888950.0
chr6	54922265	54922803	54922534.0
chr3	153606608	153608257	153607432.5
chr17	25969383	25970775	25970079.0
chr11	116351112	116352204	116351658.0
chr9	22126670	22127257	22126963.5
chr17	26275039	26276519	26275779.0
chr7	134376233	134377243	134376738.0
chr2	122069510	122070055	122069782.5
chr9	62211357	62211860	62211608.5
chr6	29934930	29935589	29935259.5
chr2	12223219	12223889	12223554.0
chr16	48992591	48995363	48993977.0
chr7	113357290	113357725	113357507.5
chr8	3536013	3536487	3536250.0
chr18	36941989	36943595	36942792.0
chr12	82881782	82882709	82882245.5
chr2	25995060	25996655	25995857.5
chr4	135608667	135610134	135609400.5
chr18	78012098	78013590	78012844.0
chr7	25378625	25379222	25378923.5
chr3	66367207	66367924	66367565.5
chr8	119444787	119446524	119445655.5
chr6	67120109	67120650	67120379.5
chr9	57503531	57503974	57503752.5
chr8	4165139	4166969	4166054.0
chr5	130554987	130555742	130555364.5
chr6	90319168	90320701	90319934.5
chr17	36368017	36368734	36368375.5
chr4	65265554	65266454	65266004.0
chr4	128488489	128489264	128488876.5
chr5	21991430	21992004	21991717.0
chr7	118057976	118058477	118058226.5
chr14	9119022	9119546	9119284.0
chrX	71557544	71559134	71558339.0
chr13	4608278	4608712	4608495.0
chr4	91042999	91043511	91043255.0
chr1	178742385	178745530	178743957.5
chr11	75992321	75993579	75992950.0
chr15	84866855	84868011	84867433.0
chr6	112645731	112647208	112646469.5
chr2	156218452	156218883	156218667.5
chr1	122016784	122018492	122017638.0
chr3	75759102	75761425	75760263.5
chr18	70811767	70812240	70812003.5
chr3	135100408	135103868	135102138.0
chr18	43637180	43637688	43637434.0
chr7	17199401	17201128	17200264.5
chr18	73862665	73864134	73863399.5
chr2	112350231	112350803	112350517.0
chr4	149049931	149050527	149050229.0
chr4	151551644	151552976	151552310.0
chr4	136025240	136026663	136025951.5
chr7	107755551	107757261	107756406.0
chr7	66483294	66485350	66484322.0
chr11	119803671	119804735	119804203.0
chr8	107178872	107179289	107179080.5
chrX	45762839	45763959	45763399.0
chr17	80772657	80773168	80772912.5
chr12	81135856	81136535	81136195.5
chr4	40894322	40895969	40895145.5
chr2	112341259	112341861	112341560.0
chr2	29979405	29980651	29980028.0
chr3	95975757	95977221	95976489.0
chr3	31033095	31033701	31033398.0
chr5	123599354	123600523	123599938.5
chr5	30399389	30400425	30399907.0
chr2	122059933	122061554	122060743.5
chr11	115720755	115721322	115721038.5
chr10	62800908	62802463	62801685.5
chr1	194571283	194572359	194571821.0
chr10	116812729	116814420	116813574.5
chr2	24909617	24910434	24910025.5
chr3	89215174	89216448	89215811.0
chr7	133902604	133903381	133902992.5
chr10	30438659	30439228	30438943.5
chr6	146449732	146451312	146450522.0
chr2	167246406	167247986	167247196.0
chr13	104898945	104900428	104899686.5
chr19	10955992	10956667	10956329.5
chr14	21459666	21461071	21460368.5
chr8	98411254	98412637	98411945.5
chr16	98217438	98218944	98218191.0
chr3	94721883	94722498	94722190.5
chr14	52628404	52628973	52628688.5
chr16	31199915	31201782	31200848.5
chr19	29175172	29176378	29175775.0
chr9	74823681	74824229	74823955.0
chr16	43889334	43890663	43889998.5
chr4	88583711	88584855	88584283.0
chr8	13287034	13288861	13287947.5
chr11	40546238	40548335	40547286.5
chr16	11603729	11604176	11603952.5
chr16	32516258	32516839	32516548.5
chr17	57129096	57130199	57129647.5
chr19	25073617	25074431	25074024.0
chr5	97327078	97327695	97327386.5
chr6	100236359	100238751	100237555.0
chrX	34137591	34138786	34138188.5
chr10	75904738	75906373	75905555.5
chr5	115428920	115430334	115429627.0
chrX	35791603	35791984	35791793.5
chr9	67678435	67679723	67679079.0
chr14	73108864	73110581	73109722.5
chr15	76729598	76731156	76730377.0
chr2	51927934	51929199	51928566.5
chr6	48454076	48454675	48454375.5
chrX	66074165	66074551	66074358.0
chr3	142223356	142224006	142223681.0
chr5	73038691	73039375	73039033.0
chr1	167050415	167050938	167050676.5
chrX	161417711	161419266	161418488.5
chr4	26272838	26274413	26273625.5
chr14	118487848	118489389	118488618.5
chr4	118292882	118294212	118293547.0
chr1	75120713	75122225	75121469.0
chr18	35277966	35279471	35278718.5
chr2	130388948	130390117	130389532.5
chr5	149995128	149997240	149996184.0
chr9	111192174	111192721	111192447.5
chr6	72908063	72908735	72908399.0
chr1	191511498	191512806	191512152.0
chr19	4793315	4794569	4793942.0
chr17	15852141	15852588	15852364.5
chr2	179804814	179805997	179805405.5
chr5	135553784	135554546	135554165.0
chr3	155625233	155625938	155625585.5
chr11	4158629	4159258	4158943.5
chr5	123973491	123974901	123974196.0
chr15	83179713	83181235	83180474.0
chr6	115310726	115311465	115311095.5
chr15	79055052	79055510	79055281.0
chr13	12349155	12350860	12350007.5
chr16	8636678	8638539	8637608.5
chr5	25003045	25006256	25004650.5
chr8	41392779	41394134	41393456.5
chr6	83863706	83865275	83864490.5
chr11	4034732	4035776	4035254.0
chr7	54050629	54052093	54051361.0
chr11	60987991	60989283	60988637.0
chr5	90768546	90769053	90768799.5
chr5	136409658	136411345	136410501.5
chr19	5294828	5295986	5295407.0
chr8	128093420	128094226	128093823.0
chr4	155483124	155484623	155483873.5
chr13	73673865	73674499	73674182.0
chr11	117824570	117825274	117824922.0
chr12	112216291	112217890	112217090.5
chr11	119463901	119464983	119464442.0
chr2	22600130	22600662	22600396.0
chr10	126557411	126558748	126558079.5
chr7	134234364	134235477	134234920.5
chr12	88606551	88608527	88607539.0
chr9	72886507	72888152	72887329.5
chr6	86682624	86683946	86683285.0
chrX	7524581	7525638	7525109.5
chr10	127759017	127760478	127759747.5
chr8	104548392	104548752	104548572.0
chr7	134620948	134624152	134622550.0
chr18	44987504	44989114	44988309.0
chr11	53163685	53164923	53164304.0
chr17	32173011	32173737	32173374.0
chr5	21292065	21293209	21292637.0
chr15	78892733	78893983	78893358.0
chr5	35447815	35448926	35448370.5
chr9	43874765	43875435	43875100.0
chr7	53121319	53122049	53121684.0
chr3	67233581	67234734	67234157.5
chr10	87663453	87664476	87663964.5
chr9	107672485	107673874	107673179.5
chr7	19842641	19843140	19842890.5
chr1	75232468	75234115	75233291.5
chr7	28337711	28338719	28338215.0
chr5	144075795	144077445	144076620.0
chr2	62483490	62484704	62484097.0
chr7	19576138	19576850	19576494.0
chr11	29925757	29926411	29926084.0
chr11	95925756	95927206	95926481.0
chr5	137394540	137395721	137395130.5
chr11	60691575	60692882	60692228.5
chr19	5817810	5818527	5818168.5
chr2	150729604	150731015	150730309.5
chr2	164286024	164287703	164286863.5
chr2	75496487	75498258	75497372.5
chr6	85910596	85912299	85911447.5
chr5	110225044	110225759	110225401.5
chr2	153475163	153475900	153475531.5
chr18	38128786	38130043	38129414.5
chr7	144601757	144603262	144602509.5
chr7	28458992	28460187	28459589.5
chr3	89576391	89578258	89577324.5
chr12	17697027	17697973	17697500.0
chr5	114829808	114831499	114830653.5
chr7	54262760	54264533	54263646.5
chr10	62771360	62772096	62771728.0
chr17	21839294	21840180	21839737.0
chr1	182693966	182694475	182694220.5
chr8	85965629	85966991	85966310.0
chr15	82952374	82953666	82953020.0
chr12	41171797	41173394	41172595.5
chr1	16646172	16647760	16646966.0
chr3	108204517	108205093	108204805.0
chr15	79375951	79377730	79376840.5
chr14	67487222	67488695	67487958.5
chr4	48137112	48138695	48137903.5
chr14	57286401	57287782	57287091.5
chr15	81229625	81231051	81230338.0
chr10	55948204	55949030	55948617.0
chr1	179724410	179727310	179725860.0
chr1	52901127	52902594	52901860.5
chr6	38203915	38204466	38204190.5
chr10	11211730	11212177	11211953.5
chr17	34728482	34729529	34729005.5
chr17	46782173	46783750	46782961.5
chr11	59004790	59005812	59005301.0
chr12	29319966	29321440	29320703.0
chr10	43987349	43988695	43988022.0
chr11	74643214	74646638	74644926.0
chr2	52600596	52602284	52601440.0
chr13	105606120	105608457	105607288.5
chr10	121005730	121006793	121006261.5
chr9	20935357	20936171	20935764.0
chr14	119104631	119106401	119105516.0
chr10	93002461	93003165	93002813.0
chr13	77847508	77848577	77848042.5
chr3	96218120	96219009	96218564.5
chr2	109730310	109732057	109731183.5
chr7	88973501	88974889	88974195.0
chr18	77168024	77169395	77168709.5
chr19	34996015	34997396	34996705.5
chr14	103411731	103412284	103412007.5
chr7	104099543	104100663	104100103.0
chr4	141108326	141108758	141108542.0
chr13	67228878	67229636	67229257.0
chr11	52173908	52175358	52174633.0
chr14	20110475	20110904	20110689.5
chr9	50547249	50547856	50547552.5
chr8	87822423	87824226	87823324.5
chr7	135390867	135391393	135391130.0
chrX	65566666	65567148	65566907.0
chr19	55407094	55407496	55407295.0
chr7	146036951	146039389	146038170.0
chr11	3995896	3997463	3996679.5
chrX	98624059	98625590	98624824.5
chr1	121422207	121423319	121422763.0
chrX	71329428	71331625	71330526.5
chr9	20325180	20326536	20325858.0
chr2	43529126	43529498	43529312.0
chr4	155570762	155572509	155571635.5
chr4	124613689	124614719	124614204.0
chr4	82504933	82505788	82505360.5
chr3	135517568	135517987	135517777.5
chr8	73196646	73197958	73197302.0
chr11	69208300	69210300	69209300.0
chr14	15534809	15536480	15535644.5
chr8	87162639	87163960	87163299.5
chr12	32339079	32340394	32339736.5
chr9	98880117	98880664	98880390.5
chr10	126747079	126749769	126748424.0
chr3	21834518	21835449	21834983.5
chr1	173432271	173434552	173433411.5
chr6	145197633	145199455	145198544.0
chr6	70718698	70719232	70718965.0
chr11	79775454	79776479	79775966.5
chr14	69779916	69780642	69780279.0
chrX	20001799	20003672	20002735.5
chr2	144194053	144195363	144194708.0
chr17	30140966	30142627	30141796.5
chr16	33250970	33252079	33251524.5
chr9	53474522	53476127	53475324.5
chr11	11361454	11362705	11362079.5
chr17	46810832	46811632	46811232.0
chr5	108415164	108417130	108416147.0
chr1	184211976	184213562	184212769.0
chr3	127336870	127337411	127337140.5
chr9	86464974	86466216	86465595.0
chr9	50424677	50425834	50425255.5
chr7	26180248	26181411	26180829.5
chr8	77517222	77518602	77517912.0
chr10	44248946	44249813	44249379.5
chr9	22132284	22132972	22132628.0
chr6	79767924	79768559	79768241.5
chr18	35293909	35294791	35294350.0
chr7	125272230	125273788	125273009.0
chr5	149363481	149364761	149364121.0
chr18	80904245	80905425	80904835.0
chr11	43494734	43496440	43495587.0
chr2	84490522	84491221	84490871.5
chr5	130230089	130231713	130230901.0
chr10	87608799	87610236	87609517.5
chr13	93300090	93301447	93300768.5
chr7	26022276	26023896	26023086.0
chr5	31828734	31829967	31829350.5
chr11	95666730	95667325	95667027.5
chr6	117775396	117775815	117775605.5
chr2	167590516	167591129	167590822.5
chr5	143656288	143657390	143656839.0
chr8	74200179	74200785	74200482.0
chr11	98820647	98821312	98820979.5
chr19	21178831	21179493	21179162.0
chr4	108520084	108521452	108520768.0
chr15	10414704	10416587	10415645.5
chr5	92511770	92513280	92512525.0
chr14	47407086	47408460	47407773.0
chr18	61335591	61337368	61336479.5
chr19	32830041	32833176	32831608.5
chr16	20301837	20302919	20302378.0
chr4	83084884	83085272	83085078.0
chr3	94246815	94247854	94247334.5
chr1	51565858	51566334	51566096.0
chr6	115551559	115552813	115552186.0
chr2	118751857	118752616	118752236.5
chr1	163906381	163907010	163906695.5
chr8	35209118	35210219	35209668.5
chr11	10629079	10629623	10629351.0
chr4	149147593	149148888	149148240.5
chr1	67084670	67086032	67085351.0
chr8	122812183	122812874	122812528.5
chr11	106361642	106362969	106362305.5
chr11	88961725	88962216	88961970.5
chr3	108086657	108087320	108086988.5
chr15	43308257	43309532	43308894.5
chr11	82577286	82578612	82577949.0
chr3	19061908	19063694	19062801.0
chr15	51749670	51750183	51749926.5
chr2	119113876	119115160	119114518.0
chrX	65930884	65933006	65931945.0
chr17	45763746	45764130	45763938.0
chr11	115015008	115015711	115015359.5
chr19	46764194	46764901	46764547.5
chr19	8945376	8946524	8945950.0
chr11	5385205	5385752	5385478.5
chr9	99157005	99157845	99157425.0
chr16	75696415	75696831	75696623.0
chr12	73765350	73766407	73765878.5
chr2	91201356	91201883	91201619.5
chr10	80695504	80696325	80695914.5
chr17	46817054	46818502	46817778.0
chr11	78959433	78960288	78959860.5
chr5	122161025	122162560	122161792.5
chr13	34129093	34129926	34129509.5
chr11	100711302	100712086	100711694.0
chr9	103904205	103905761	103904983.0
chr8	123112365	123113807	123113086.0
chr7	4636156	4637188	4636672.0
chr2	103405850	103407427	103406638.5
chr6	71493502	71494833	71494167.5
chr6	29599794	29600178	29599986.0
chr3	101407197	101409183	101408190.0
chr5	149827129	149827735	149827432.0
chr11	120051056	120051693	120051374.5
chr8	74045507	74045962	74045734.5
chr14	52810357	52811015	52810686.0
chr7	120521277	120521875	120521576.0
chr14	56290101	56291596	56290848.5
chr2	148699920	148701763	148700841.5
chr3	32606994	32608408	32607701.0
chr18	35721276	35722963	35722119.5
chr10	75355621	75356431	75356026.0
chr1	141318049	141319645	141318847.0
chr18	67883056	67884993	67884024.5
chr7	130266910	130268221	130267565.5
chr16	4474547	4475596	4475071.5
chrX	12618584	12619479	12619031.5
chr17	71312794	71313419	71313106.5
chr13	67653344	67654432	67653888.0
chr5	90652331	90653626	90652978.5
chr6	113432304	113434175	113433239.5
chr1	137625455	137626162	137625808.5
chr2	155298766	155300082	155299424.0
chr4	106500209	106500878	106500543.5
chr13	58502513	58504894	58503703.5
chr17	24843972	24845035	24844503.5
chr8	88078184	88079918	88079051.0
chr14	118950896	118951461	118951178.5
chr16	4756699	4757221	4756960.0
chr18	32226841	32228354	32227597.5
chr19	47939710	47940584	47940147.0
chr15	79177414	79179166	79178290.0
chr8	97778657	97779108	97778882.5
chr7	100052005	100052576	100052290.5
chr5	108494309	108495385	108494847.0
chr6	86353679	86354873	86354276.0
chr12	80190019	80190937	80190478.0
chr12	70269247	70270266	70269756.5
chr2	104418132	104418531	104418331.5
chr10	62113003	62114706	62113854.5
chr2	34964341	34965690	34965015.5
chr7	132850475	132851834	132851154.5
chr10	126337870	126338786	126338328.0
chr11	46244648	46245078	46244863.0
chr5	7276612	7277398	7277005.0
chrX	137013759	137014130	137013944.5
chr6	116142590	116144292	116143441.0
chr11	62743264	62743852	62743558.0
chr1	196866561	196867062	196866811.5
chr3	82161655	82162175	82161915.0
chr10	62382797	62383925	62383361.0
chr5	24035791	24036334	24036062.5
chr5	123488978	123489689	123489333.5
chr14	49791391	49793455	49792423.0
chr4	148681117	148682544	148681830.5
chr2	121943464	121944532	121943998.0
chr15	89259253	89261336	89260294.5
chr2	91550150	91551761	91550955.5
chr18	7626157	7627391	7626774.0
chr2	34626828	34628376	34627602.0
chr14	65715830	65717394	65716612.0
chr8	122433789	122435492	122434640.5
chr1	171898765	171900057	171899411.0
chr3	103082826	103085079	103083952.5
chr17	37406942	37407638	37407290.0
chr11	70481754	70483650	70482702.0
chr5	138596191	138597485	138596838.0
chr6	122778015	122778521	122778268.0
chr8	63966214	63967038	63966626.0
chr3	57651262	57651891	57651576.5
chr10	57908899	57910616	57909757.5
chr11	72989743	72991482	72990612.5
chr11	4794938	4795810	4795374.0
chr10	81545759	81546403	81546081.0
chr16	49839530	49841324	49840427.0
chr8	109589930	109590470	109590200.0
chr11	61306989	61308291	61307640.0
chrX	91422820	91423912	91423366.0
chr1	70948723	70949449	70949086.0
chr1	137649368	137649974	137649671.0
chr7	52884023	52884528	52884275.5
chr4	9697560	9698714	9698137.0
chr7	57033086	57034353	57033719.5
chr13	38726025	38727363	38726694.0
chr7	112958804	112960146	112959475.0
chr19	37450124	37451452	37450788.0
chr7	19989213	19989788	19989500.5
chr8	109459282	109460431	109459856.5
chr12	56921024	56922468	56921746.0
chr3	32295139	32297165	32296152.0
chr15	76540400	76541660	76541030.0
chr17	23836759	23837492	23837125.5
chr11	61221056	61222169	61221612.5
chr15	101930351	101931416	101930883.5
chr1	167388651	167392445	167390548.0
chr3	90312547	90314003	90313275.0
